state,year,EV Registrations,Total Vehicles,EV Share (%),Stations,Total Charging Outlets,Population_20_64,Education_Bachelor,Unemployment_Rate,Bachelor_Attainment,Per_Cap_Income,localofficials,reducetax,regulate,price_cents_per_kwh,gasoline_price_per_gallon,Total,Trucks,Trucks_Share,Party
Alabama,2023,13000,4835900,0.27,424,1096,2900643,772092,3.5,26.62,35046,51.68,62.16,69.01,11.47,2.742,5446619,3397136.694,62.37,Republican
Alaska,2023,2700,559800,0.48,65,124,440628,126853,4.5,28.79,45792,53.11,65.38,71.61,21.41,3.594,680974,517524.9903,76,Republican
Arizona,2023,89800,6529000,1.38,1198,3506,4211120,1264694,3.8,30.03,41290,55.67,64.73,73.19,12.19,3.278,6447062,3868117.861,60,Democratic
Arkansas,2023,7100,2708300,0.26,334,833,1731063,419237,3.9,24.22,33012,50.82,63.39,68.58,9.73,2.76,3338322,2291924.212,68.65,Republican
California,2023,1256600,36850300,3.41,16381,49433,23173030,7978166,5.2,34.43,48013,60.48,72.08,76.3,24.87,4.731,31057329,16757878.09,53.96,Democratic
Colorado,2023,90100,5441800,1.66,2165,5432,3569927,1512640,3.4,42.37,51768,56.37,66.86,74.75,11.76,3.152,5211580,3619329.359,69.45,Democratic
Connecticut,2023,31600,2945700,1.07,865,2547,2102108,849843,4.3,40.43,53119,58.01,72.51,77.92,24.24,3.043,2837111,1652722.745,58.25,Democratic
Delaware,2023,8400,914700,0.92,197,523,572873,191352,3.3,33.4,44350,58.49,65.97,73.81,12.85,2.964,445240,262590.6036,58.98,Democratic
District Of Columbia,2023,8100,312100,2.6,369,1158,444851,274268,5.1,61.65,78479,68.66,76.55,82.28,16.5,3.174,,,,
Florida,2023,254900,18583200,1.37,3430,9763,12789695,4148663,3.8,32.44,41902,58.67,66.88,74.41,13.53,3.117,19519552,11384590.43,58.32,Republican
Georgia,2023,92400,9642400,0.96,1886,4994,6493223,2138391,4.2,32.93,39685,57.37,66.48,72.64,11.06,2.908,9195822,5648441.847,61.42,Democratic
Hawaii,2023,25600,1080100,2.37,384,860,807278,272677,3.4,33.78,43794,60.68,72.19,76.13,38.6,4.458,1262693,799354.3701,63.31,Democratic
Idaho,2023,8500,1974600,0.43,205,517,1096727,320388,3,29.21,37426,51.27,60.83,70.58,9.08,3.3,2057655.401,1447821.051,70.36,Republican
Illinois,2023,99600,10043200,0.99,1337,3510,7322239,2666297,4.5,36.41,45043,56.88,71.01,77.63,11.75,3.373,10139685,6292796.286,62.06,Democratic
Indiana,2023,26100,6172100,0.42,565,1533,3906988,1107753,3.3,28.35,37299,49.93,60.84,70.26,11.49,3.135,5775462,3778325.741,65.42,Republican
Iowa,2023,9000,3153300,0.29,371,855,1794013,529724,2.5,29.53,39518,49.31,63.45,69.77,9.42,2.943,3827780,2583406.534,67.49,Republican
Kansas,2023,11300,2621100,0.43,547,1196,1652132,540476,2.9,32.71,38361,51.15,62.57,69.56,10.8,2.822,2472852,1618645.227,65.46,Republican
Kentucky,2023,11600,4039700,0.29,328,849,2602706,684577,3.8,26.3,34676,48.57,57.48,67.59,9.96,2.85,4551497,2929436.219,64.36,Republican
Louisiana,2023,8200,3774200,0.22,265,709,2601688,645238,4.6,24.8,34102,53.44,64.64,69.07,8.91,2.707,4522457,2975222.754,65.79,Republican
Maine,2023,7400,1236000,0.6,486,1084,796747,271638,2.9,34.09,42936,53.94,64.24,74,20.84,2.967,1366649,939045.3913,68.71,Democratic
Maryland,2023,72100,5060000,1.42,1726,5022,3598506,1470676,3.7,40.87,50728,61.96,74.59,78.39,14.34,3.058,4935108,2846054.26,57.67,Democratic
Massachusetts,2023,73800,5491100,1.34,2965,7032,4161612,1881293,3.7,45.21,55897,59.35,73.17,79.5,23.21,2.947,5239321,3238412.322,61.81,Democratic
Michigan,2023,50300,8525400,0.59,1447,3352,5735546,1770434,4.1,30.87,38952,55.24,68.85,76.15,13.68,3.199,9907454,6919504.089,69.84,Democratic
Minnesota,2023,37100,5118500,0.72,773,1995,3264485,1249751,2.7,38.28,46530,53.56,67.56,73.39,12.21,2.977,5848091,3944280.943,67.45,Democratic
Mississippi,2023,3600,2723300,0.13,163,551,1656557,386963,4.3,23.36,30807,53.61,64.59,70.5,10.95,2.643,2228844,1400621.82,62.84,Republican
Missouri,2023,26900,5626000,0.48,1240,2703,3523313,1100990,3,31.25,38699,51.65,63.21,69.96,10.87,2.833,5504704,3610787.136,65.59,Republican
Montana,2023,4600,1021700,0.45,126,347,639167,196020,2.6,30.67,40197,48.51,60.63,69.29,10.97,3.15,2357075,1433110.993,60.8,Republican
Nebraska,2023,6900,1971200,0.35,260,554,1106920,367114,2.3,33.17,41436,49.33,62.73,69.01,9.14,3.001,1974401,1337028.255,67.72,Republican
Nevada,2023,47400,2556100,1.85,596,1987,1881744,490564,4.3,26.07,40463,56.22,64.35,72.33,13.09,3.804,2681539,1605276.909,59.86,Democratic
New Hampshire,2023,9900,1383700,0.72,261,597,824809,314940,2.3,38.18,51587,53.52,67.7,75.01,22.96,2.857,1405435,901293.9566,64.13,Democratic
New Jersey,2023,134800,7324100,1.84,1299,3723,5416974,2274359,4.4,41.99,52583,60.42,74.68,79.88,15.27,2.97,5991811,3553870.207,59.31,Democratic
New Mexico,2023,10300,1952400,0.53,278,695,1188793,321193,4.8,27.02,35510,56.1,62.93,70.59,9.47,2.872,1909072,1243681.509,65.15,Democratic
New York,2023,131300,11318600,1.16,3898,11114,11481964,4471107,4.7,38.94,48847,61.76,75.02,80.65,18.28,3.071,9361933.386,5418756.811,57.88,Democratic
North Carolina,2023,70200,9085500,0.77,1595,4204,6296112,2155719,3.7,34.24,40414,56.78,67.82,73.52,10.61,2.913,8752729,5446917.155,62.23,Republican
North Dakota,2023,1000,797400,0.13,98,209,445316,140873,2.4,31.63,42814,43.51,54.02,62.4,8.03,2.963,1060838,792596.8942,74.71,Republican
Ohio,2023,50400,10317300,0.49,1586,3653,6693511,2054395,3.8,30.69,39395,53.43,65.48,73.07,11.04,3.131,11242160,6870888.977,61.12,Republican
Oklahoma,2023,22800,4287900,0.53,358,1363,2291172,588886,4.2,25.7,34206,50.28,59.97,66.86,9.3,2.762,3410923,2256149.898,66.14,Republican
Oregon,2023,64400,3832700,1.68,1263,3190,2476158,862700,3.7,34.84,44623,57.47,67.02,74.88,10.32,3.871,4230276,2721525.197,64.33,Democratic
Pennsylvania,2023,70200,10211000,0.69,1712,4293,7371987,2512385,4,34.08,42605,55.1,68.75,75.03,12.57,3.328,10866252,6845766.641,63,Democratic
Rhode Island,2023,6400,877600,0.73,317,817,645295,236597,4.2,36.66,46525,56,67.51,74.94,21.62,2.939,822447,473686.0486,57.59,Democratic
South Carolina,2023,20900,5042400,0.41,559,1374,3045610,922103,3.8,30.28,38097,54.87,64.19,70.45,10.5,2.799,5283221,3278164.085,62.05,Republican
South Dakota,2023,1700,918000,0.19,98,232,503838,155109,2.2,30.79,40263,48.94,62.33,68.86,10.49,3.039,1384940,923880.5308,66.71,Republican
Tennessee,2023,33200,6538800,0.51,918,2225,4145660,1238980,3.7,29.89,38538,52.73,62.1,70.34,10.69,2.726,6950844,4454618.189,64.09,Republican
Texas,2023,230100,25796600,0.89,3104,8637,17924365,5589937,4,31.19,39775,57.23,66.15,71.19,10.04,2.734,23477492,15578885.48,66.36,Republican
Utah,2023,40000,3076200,1.3,893,2185,1960743,657087,2.9,33.51,40096,50.79,60.11,69.76,9.03,3.285,3084536,1884454.322,61.09,Republican
Vermont,2023,7800,593100,1.32,381,978,368533,149859,2.4,40.66,46029,55.2,69.22,76.62,17.53,3.058,629430,429091.4722,68.17,Democratic
Virginia,2023,84900,7723500,1.1,1562,4565,5101173,2019008,3.4,39.58,48689,58.5,70.71,75.61,10.68,3.007,7922073,4779369.16,60.33,Democratic
Washington,2023,152100,6816100,2.23,2202,5817,4647190,1739254,4.1,37.43,52011,58.01,69.92,75.87,9.58,4.231,7444189,4607190.602,61.89,Democratic
West Virginia,2023,2800,1510900,0.19,155,446,991037,223641,4.2,22.57,32766,44,53.06,62.84,10.26,3.095,1515512,1043582.707,68.86,Republican
Wisconsin,2023,24900,5529000,0.45,577,1398,3378349,1079657,2.5,31.96,41785,51.89,66.09,74.02,12.72,2.943,5800567,3783596.515,65.23,Democratic
Wyoming,2023,1100,652900,0.17,103,252,326326,87914,2.5,26.94,39966,43.01,53.68,63.07,8.39,3.15,890622,685247.2259,76.94,Republican
Alabama,2022,8700,4795500,0.18,327,851,2907037,764167,4.2,26.29,33777,50.83,60.83,68.41,11.59,2.651,5464382,3338723.638,61.1,Republican
Alaska,2022,2000,562100,0.36,61,113,440003,119112,4.2,27.07,43054,51.22,63.75,71.07,20.73,3.476,679125,510725.958,75.2,Republican
Arizona,2022,65800,6490500,1.01,984,2661,4194186,1217980,3.9,29.04,39819,53.52,62.79,72.52,11.31,3.17,6090179,3588898.623,58.93,Democratic
Arkansas,2022,5100,2685400,0.19,218,590,1728688,401468,4.2,23.22,31380,49.86,61.56,68.33,9.91,2.67,3216316,2178155.708,67.72,Republican
California,2022,903600,36119800,2.5,14609,43589,23347658,7860522,5,33.67,46661,59.01,70.47,75.79,22.33,4.575,31119113,16424538.76,52.78,Democratic
Colorado,2022,59900,5387100,1.11,1787,4408,3564038,1492924,3.1,41.89,49071,54.46,64.98,74.12,11.75,3.049,5116858,3481941.296,68.05,Democratic
Connecticut,2022,22000,2951300,0.75,598,1643,2124983,824424,4.4,38.8,51581,57.02,70.72,77.34,21.08,2.943,2789423,1593839.315,57.14,Democratic
Delaware,2022,5400,913600,0.59,156,367,571842,190688,4.2,33.35,42571,58.22,63.72,73.44,11.83,2.867,467268,269176.2929,57.61,Democratic
District Of Columbia,2022,5900,319400,1.85,301,972,439920,271030,4.7,61.61,71699,68.04,74.49,81.7,14.94,3.07,,,,
Florida,2022,168000,18128300,0.93,2923,7818,12650482,3977273,3.7,31.44,40278,58.39,65.11,73.92,12.51,3.014,19663462,11190119.96,56.91,Republican
Georgia,2022,60100,9542400,0.63,1552,4131,6460268,2065021,3.9,31.96,38378,56.51,64.42,72.21,12,2.812,9153627,5485503.344,59.93,Democratic
Hawaii,2022,19800,1080500,1.83,405,938,818536,264889,3.5,32.36,42710,59.54,71.22,75.86,39.72,4.312,1243333,770662.1691,61.98,Democratic
Idaho,2022,5900,1934200,0.31,155,382,1091836,312135,2.6,28.59,35980,49.46,59.86,70.17,8.51,3.191,2031331.673,1411137.511,69.47,Republican
Illinois,2022,66900,10037500,0.67,1342,3351,7378881,2625203,4.5,35.58,43317,55.63,68.88,77.11,11.94,3.262,10334435,6271824.093,60.69,Democratic
Indiana,2022,17700,6094400,0.29,404,1093,3916848,1080594,3.4,27.59,35984,48.79,58.04,69.72,11.66,3.032,5383640,3475614.374,64.56,Republican
Iowa,2022,6200,3118200,0.2,305,659,1802353,543259,2.6,30.14,38917,48.15,61.39,69.53,9.57,2.846,3779422,2509832.033,66.41,Republican
Kansas,2022,7600,2604600,0.29,489,1045,1657175,534864,3.4,32.28,37919,50.14,60.19,69.2,11.47,2.729,2588185,1670622.042,64.55,Republican
Kentucky,2022,7600,3974600,0.19,256,629,2601742,683785,4,26.28,33980,47.48,55.42,66.81,10.51,2.756,4291816,2694967.438,62.79,Republican
Louisiana,2022,5900,3792200,0.16,193,475,2631788,654595,5.3,24.87,32171,52.01,62.12,68.74,10.41,2.618,4593542,2963860.716,64.52,Republican
Maine,2022,5000,1222000,0.41,412,869,797001,261241,3,32.78,41188,52.99,61.03,73.37,17.44,2.87,1294286,870151.4317,67.23,Democratic
Maryland,2022,46100,5066800,0.91,1384,3964,3623239,1481450,3.7,40.89,49236,61.57,73.59,78.08,13.32,2.958,4919054,2774775.194,56.41,Democratic
Massachusetts,2022,49400,5422300,0.91,2406,5748,4178856,1829800,3.8,43.79,54025,58.28,71.01,78.83,21.27,2.85,5184450,3126665.822,60.31,Democratic
Michigan,2022,33100,8445900,0.39,1149,2703,5789361,1732598,4.4,29.93,38151,54.52,66.92,75.93,13.2,3.094,9403708,6427908.732,68.36,Democratic
Minnesota,2022,24300,5053400,0.48,601,1533,3287676,1217882,2.9,37.04,45021,52.35,65.18,72.94,12.04,2.879,5673333,3745936.926,66.03,Democratic
Mississippi,2022,2400,2719900,0.09,114,440,1659306,372287,4.4,22.44,29045,52.84,63.48,70.02,10.36,2.556,2298929,1421341.563,61.83,Republican
Missouri,2022,17900,5422400,0.33,1029,2216,3534730,1066842,3.4,30.18,36640,50.71,60.96,69.56,10.26,2.74,5373722,3454475.969,64.28,Republican
Montana,2022,3300,999600,0.33,98,253,634500,199411,2.7,31.43,38329,46.03,59.25,68.8,9.97,3.046,2249485,1370575.914,60.93,Republican
Nebraska,2022,4600,1940200,0.24,214,446,1100621,351803,2,31.96,38997,48,60.8,68.85,8.83,2.902,1967125,1312428.239,66.72,Republican
Nevada,2022,32900,2520700,1.31,478,1670,1880197,449189,5.1,23.89,38183,54.35,62.44,71.86,10.94,3.679,2672391,1566874.588,58.63,Democratic
New Hampshire,2022,7000,1373700,0.51,201,466,825946,316170,2.4,38.28,49281,52.57,65.6,74.55,21.07,2.763,1437151,903740.1387,62.88,Democratic
New Jersey,2022,87000,7148700,1.22,938,2713,5440078,2254136,4.8,41.44,51272,59.39,73.29,79.52,14.8,2.873,5999667,3476206.495,57.94,Democratic
New Mexico,2022,7100,1929400,0.37,211,528,1194313,314767,4.8,26.36,33916,54.02,60.64,70.1,10.02,2.778,1870380,1202626.547,64.3,Democratic
New York,2022,84700,11306300,0.75,3326,9535,11626637,4409174,4.9,37.92,47421,60.76,73.51,80.11,18.33,2.97,9111362.178,5324362.043,58.44,Democratic
North Carolina,2022,45600,8970300,0.51,1166,3040,6244237,2072271,3.5,33.19,38701,56.4,66.5,73.22,9.6,2.817,8995906,5486863.903,60.99,Republican
North Dakota,2022,600,785500,0.08,80,172,442366,130597,1.9,29.52,41800,41.8,51.19,62.19,8.42,2.866,1093509,805105.9867,73.63,Republican
Ohio,2022,34100,10278300,0.33,1247,2818,6728904,2042704,3.5,30.36,37932,52.65,63.24,72.67,10.64,3.028,11028755,6583927.652,59.7,Republican
Oklahoma,2022,16300,4249900,0.38,340,1093,2288709,584407,3.9,25.53,32930,49.06,57.33,66.52,10.05,2.672,3345331,2161712.79,64.62,Republican
Oregon,2022,47000,3779800,1.24,1009,2475,2486673,827222,4,33.27,42474,56.06,64.87,74.38,9.26,3.744,4139333,2625317.914,63.42,Democratic
Pennsylvania,2022,47400,10165300,0.47,1326,3251,7441870,2516338,4,33.81,41489,54.3,67.05,74.65,11.86,3.218,10868829,6703260.627,61.67,Democratic
Rhode Island,2022,4300,872000,0.49,297,783,648199,239678,4.3,36.98,44538,55.2,65.28,74.53,19.3,2.842,806142,452526.9733,56.13,Democratic
South Carolina,2022,13500,4944700,0.27,413,978,3008187,893972,3.9,29.72,36675,54.47,62.9,70.25,10.74,2.707,5245829,3185298.216,60.72,Republican
South Dakota,2022,1200,945100,0.13,69,176,500281,146233,2.5,29.23,37618,48.16,60.93,68.86,10.44,2.939,1364513,893980.5053,65.52,Republican
Tennessee,2022,22000,6422600,0.34,695,1683,4122277,1198362,3.2,29.07,36704,52.31,60.56,69.57,10.89,2.636,6828011,4294159.214,62.89,Republican
Texas,2022,149000,25346000,0.59,2471,6332,17706100,5442080,4,30.74,38123,55.64,62.87,70.48,10.16,2.644,23291638,15202306.89,65.27,Republican
Utah,2022,28000,2997500,0.93,780,1853,1938728,635468,2.3,32.78,38514,48.31,58.37,69.04,8.8,3.177,2876800,1760470.687,61.2,Republican
Vermont,2022,5300,595000,0.89,351,898,371621,148466,2.4,39.95,42251,54.24,67.06,76.32,16.99,2.958,625664,417728.378,66.77,Democratic
Virginia,2022,56600,7642100,0.74,1221,3643,5119025,1997799,3.3,39.03,47199,57.95,69.64,75.32,10.75,2.908,7763287,4596701.178,59.21,Democratic
Washington,2022,104100,6802500,1.53,1784,4533,4660421,1695565,3.8,36.38,50764,56.47,68.23,75.36,9.05,4.092,7835063,4753229.177,60.67,Democratic
West Virginia,2022,1900,1488900,0.13,137,385,1000729,235223,4.5,23.51,31922,42.84,51.22,62.53,9.74,2.993,1652896,1130585.75,68.4,Republican
Wisconsin,2022,15700,5476200,0.29,470,1101,3393120,1056108,2.6,31.12,40188,50.62,63.83,73.72,11.95,2.846,5681673,3657963.478,64.38,Democratic
Wyoming,2022,800,644400,0.12,86,214,328690,89499,3.6,27.23,38114,40.09,52.29,62.73,8.24,3.046,890285,676313.3534,75.97,Republican
Alabama,2021,4700,4747600,0.1,277,682,2889360,731521,5.1,25.32,30608,54.74,60.92,67.15,10.18,2.49,5479971,3287997.977,60,Republican
Alaska,2021,1300,569100,0.23,52,94,433224,125339,6.6,28.93,39509,55.13,63.35,69.14,20.02,3.264,686142,511500.6377,74.55,Republican
Arizona,2021,40700,6359200,0.64,890,2259,4134524,1184134,5.4,28.64,36295,57.36,62.91,71.21,10.73,2.977,6064542,3504627.455,57.79,Democratic
Arkansas,2021,2400,2690900,0.09,164,463,1713090,393003,5.3,22.94,29252,54.65,62.73,67.11,9.1,2.507,3214781,2148142.694,66.82,Republican
California,2021,563100,35000500,1.61,14607,41237,23477035,7763614,8,33.07,42396,61.89,71.06,74.12,19.65,4.296,31349073,16172731.89,51.59,Democratic
Colorado,2021,37000,5286400,0.7,1619,3992,3537735,1444892,5,40.84,44617,57.07,62.76,71.71,10.9,2.863,5096394,3406756.302,66.85,Democratic
Connecticut,2021,13300,2872000,0.46,533,1430,2124677,835536,6.3,39.33,48146,59.81,70.76,75.65,18.32,2.763,2756485,1543765.35,56,Democratic
Delaware,2021,3000,909600,0.33,134,314,567188,185120,5.5,32.64,38797,61.26,64.14,72.62,10.5,2.692,472175,266285.9505,56.4,Democratic
District Of Columbia,2021,3700,321700,1.15,291,826,438542,258968,7.7,59.05,65808,70.29,73.21,79.77,12.81,2.883,,,,
Florida,2021,95600,17729600,0.54,2636,6748,12407546,3776233,5.4,30.43,36196,62.08,64.85,72.53,10.67,2.83,19180165,10628886.76,55.42,Republican
Georgia,2021,34000,9399700,0.36,1585,3947,6374393,2029894,5.3,31.84,35086,59.71,65.14,71.04,10.43,2.641,9072876,5324556.837,58.69,Democratic
Hawaii,2021,14200,1080800,1.31,386,839,825335,266711,7.4,32.32,38614,58.75,65.83,71.87,30.31,4.049,1235360,743908.4992,60.22,Democratic
Idaho,2021,3500,1911100,0.18,139,345,1063392,292245,3,27.48,33841,53.82,58.71,67.83,8.17,2.997,1976199.166,1355430.762,68.59,Republican
Illinois,2021,36500,10027700,0.36,1079,2764,7430060,2614998,7,35.19,39794,59.63,70.29,75.82,10.14,3.063,11003729,6535648.611,59.39,Democratic
Indiana,2021,10400,6097100,0.17,357,971,3912332,1059204,4.6,27.07,33054,53.47,59.73,68.96,10.36,2.847,5552566,3512603.571,63.26,Republican
Iowa,2021,3700,3110700,0.12,281,584,1794571,514165,3.4,28.65,35715,53.59,63.86,69.37,9.13,2.672,3839312,2506932.98,65.3,Republican
Kansas,2021,4500,2592800,0.17,493,1017,1655394,538657,3.9,32.54,35028,53.77,60.24,67.85,10.47,2.562,2606313,1656795.326,63.57,Republican
Kentucky,2021,4200,4016500,0.1,225,532,2598395,658702,4.9,25.35,30728,52.04,55.66,66.36,9.12,2.588,4408730,2730650.078,61.94,Republican
Louisiana,2021,3200,3820000,0.08,159,385,2657441,642800,7.4,24.19,30117,54.47,60.3,66.52,8.82,2.458,3862489.789,2451249.355,63.46,Republican
Maine,2021,3000,1234700,0.24,301,639,795561,260299,4.4,32.72,38483,55.94,59.77,72.15,13.96,2.695,1387656,910806.4456,65.64,Democratic
Maryland,2021,25600,5051200,0.51,1257,3430,3648504,1438256,5.7,39.42,46500,65.01,74.44,76.35,11.48,2.777,4910674,2713670.606,55.26,Democratic
Massachusetts,2021,30500,5423200,0.56,2176,4871,4194456,1840485,6.2,43.88,49746,61.12,70.81,77.35,19.06,2.676,5207052,3064884.515,58.86,Democratic
Michigan,2021,17500,8398200,0.21,817,1799,5807888,1727833,6.6,29.75,35353,57.57,66.35,73.71,12.93,2.905,9556452,6405719.823,67.03,Democratic
Minnesota,2021,15000,5209500,0.29,586,1385,3293062,1214630,4.5,36.88,41753,56.07,65.04,71.5,11.08,2.704,5511960,3545212.805,64.32,Democratic
Mississippi,2021,1300,2729200,0.05,112,433,1670491,369332,6.3,22.11,26941,57.25,65.52,69.33,9.5,2.4,2385768,1450174.755,60.78,Republican
Missouri,2021,10000,5557900,0.18,1047,2188,3530751,1061665,4.4,30.07,34593,54.98,61.41,68.34,9.85,2.572,5603939,3529205.166,62.98,Republican
Montana,2021,1600,989600,0.16,75,212,624418,197795,3.7,31.68,36020,51.73,60.25,68.22,9.5,2.86,2140014,1294060.047,60.47,Republican
Nebraska,2021,2700,1928700,0.14,182,377,1103181,358816,2.5,32.53,36227,52.12,61.53,67.98,8.84,2.725,1933528,1268787.263,65.62,Republican
Nevada,2021,17400,2477400,0.7,451,1361,1858637,460470,9.2,24.77,34933,59.16,63.22,71.17,8.58,3.454,2676143,1546093.313,57.77,Democratic
New Hampshire,2021,4000,1378200,0.29,164,357,827033,306495,3.5,37.06,45365,56.33,65.95,73.48,17.37,2.595,1417949,872359.0046,61.52,Democratic
New Jersey,2021,47800,7095100,0.67,749,2021,5462964,2254970,7.6,41.28,47338,62.95,73.01,77.82,14.01,2.697,6249905,3528432.757,56.46,Democratic
New Mexico,2021,4200,1903300,0.22,189,461,1190663,307969,7.4,25.87,31043,58.79,63.3,70.48,9.79,2.608,1862673,1179754.32,63.34,Democratic
New York,2021,51900,11377800,0.46,2983,7646,11749844,4459370,8.5,37.95,43078,64.25,73.4,78.19,16.11,2.789,9408795.689,5243624.078,55.73,Democratic
North Carolina,2021,25200,8912800,0.28,1120,2789,6154794,2000346,5.5,32.5,35254,59.44,66.27,71.51,9.29,2.645,8707506,5205386.932,59.78,Republican
North Dakota,2021,400,776800,0.05,61,139,443822,129906,2.9,29.27,36497,46.64,53.35,63.16,8.65,2.691,925186,672175.1942,72.65,Republican
Ohio,2021,21200,10396200,0.2,957,2224,6762937,1977817,5.2,29.24,35119,56.5,63.13,70.9,9.76,2.843,10892377,6356410.101,58.36,Republican
Oklahoma,2021,7100,4124100,0.17,313,1089,2272893,562791,5.6,24.76,29969,53.87,57.68,65.67,8.52,2.508,3353167,2119825.422,63.22,Republican
Oregon,2021,30300,3784800,0.8,994,2433,2495255,829932,6.1,33.26,38975,58.69,63.63,72.16,8.95,3.515,4010635,2502434.5,62.39,Democratic
Pennsylvania,2021,26800,10277200,0.26,1148,2688,7481859,2492416,6.1,33.31,38315,57.96,66.42,72.9,9.97,3.022,10927881,6583662.79,60.25,Democratic
Rhode Island,2021,2500,881600,0.28,255,628,650409,218816,7.2,33.64,40382,57.97,66.05,73.94,18.44,2.669,801654,436293.4034,54.42,Democratic
South Carolina,2021,7400,4865400,0.15,385,870,2957656,855205,5.3,28.91,33339,59.04,64.25,69.35,9.96,2.542,5091679,3036229.793,59.63,Republican
South Dakota,2021,700,925100,0.08,58,160,490818,145577,2.6,29.66,35135,54.14,63.21,68.49,10.43,2.759,1346517,870936.4075,64.68,Republican
Tennessee,2021,12200,6234200,0.2,685,1637,4070563,1159051,5,28.47,33904,56.69,60.53,68.13,9.78,2.475,6712722,4148807.283,61.81,Republican
Texas,2021,80900,24713900,0.33,2320,5501,17345197,5232066,5.9,30.16,34717,59.92,63.97,69.51,9.14,2.482,23012990,14812168.27,64.36,Republican
Utah,2021,16500,2937700,0.56,909,1980,1902907,608470,3.3,31.98,35220,53.05,58.35,67.72,8.34,2.983,2838505,1709395.658,60.22,Republican
Vermont,2021,3400,602400,0.56,329,878,375293,152160,4.1,40.54,40016,57.57,67.99,75.71,16.34,2.777,614340,401499.5015,65.35,Democratic
Virginia,2021,30700,7613600,0.4,1139,3302,5110738,1995320,4.5,39.04,43756,61.2,69.15,73.24,9.14,2.731,7652036,4449862.11,58.15,Democratic
Washington,2021,66800,6890500,0.97,1773,4325,4631164,1657113,5.5,35.78,46177,59.36,67.7,73,8.75,3.842,7966147,4720498.021,59.26,Democratic
West Virginia,2021,1000,1485700,0.07,110,306,1009194,228758,5.9,22.67,30195,47.2,52.19,62.75,8.87,2.811,1219024,811820.3298,66.6,Republican
Wisconsin,2021,9300,5519900,0.17,475,961,3409664,1038434,3.4,30.46,37221,54.06,64.46,72.36,11.01,2.672,5769058,3605785.435,62.5,Democratic
Wyoming,2021,500,643300,0.08,70,184,327243,85738,3.2,26.2,37156,45.05,52.71,62.29,8.25,2.86,870969,654101.3455,75.1,Republican
Alabama,2020,2900,4683200,0.06,224,598,2856422.5,709462.5,4.9,24.835,29629,50.57,62.84,69.7,9.84,2.327,5320340,3164439,59.48,Republican
Alaska,2020,900,586100,0.15,37,68,437165,121817.5,5.95,27.875,38243.5,51.33,64.15,70.5,19.82,3.05,792826,586281,73.95,Republican
Arizona,2020,28800,6285600,0.46,573,1788,4131411,1135443,4.95,27.48,34234,51.25,64.02,73.07,10.44,2.782,6053781,3514203,58.05,Democratic
Arkansas,2020,1300,2645300,0.05,112,350,1711609.5,380521.5,4.75,22.23,28263,48.59,65.83,70.04,8.32,2.343,2913369,1859091,63.81,Republican
California,2020,425300,34339500,1.24,7689,34924,23609350,7654456,6.35,32.425,40894.5,57.1,72.05,76.06,18,4.015,30398249,15310597,50.37,Democratic
Colorado,2020,24700,5193000,0.48,1066,3253,3523819,1404598,4.15,39.855,42835,51.26,64.32,72.76,10.27,2.675,5350708,3518874,65.76,Democratic
Connecticut,2020,9000,2922800,0.31,456,1240,2116002,807351.5,5.65,38.15,46752.5,53.97,72.38,77.03,19.13,2.582,2867554,1563661,54.53,Democratic
Delaware,2020,1900,914000,0.21,70,206,561113,178465,4.85,31.795,37827.5,56.12,65.26,74.97,10.24,2.516,1025430,582338,56.79,Democratic
District Of Columbia,2020,2400,318300,0.75,189,694,453180.5,260275.5,6.85,57.485,62808,65.3,73.82,78.66,11.9,2.694,,,,
Florida,2020,58200,17341700,0.34,1836,5564,12330116.5,3607926.5,4.8,29.25,34541.5,57.73,67.47,74.25,10.06,2.645,18464506,9942703,53.85,Republican
Georgia,2020,23500,9097800,0.26,1008,3661,6322911.5,1961689.5,4.85,31.015,33871.5,57.07,66.01,72.55,9.93,2.468,8829596,5089616,57.64,Democratic
Hawaii,2020,10700,1066300,1,320,759,820816.5,258180.5,5.25,31.45,37801.5,57.9,74.23,75.97,27.55,3.784,1244935,730091,58.64,Democratic
Idaho,2020,2300,1858400,0.12,113,281,1032917,274007.5,2.9,26.495,31723.5,46.46,62.95,70.37,7.99,2.801,1917808,1266283,66.03,Republican
Illinois,2020,26000,10234200,0.25,805,2360,7454243,2580535,5.8,34.62,38761,54.62,70.75,76.48,9.75,2.863,10589239,6112939,57.73,Democratic
Indiana,2020,7000,6046100,0.12,282,784,3898857,1018318,4.2,26.115,32021,48.31,61.13,72.99,9.92,2.66,6199901,3845459,62.02,Republican
Iowa,2020,2300,3107300,0.07,188,487,1790603,502966.5,3.3,28.085,34411,49.07,64.52,70.81,8.97,2.497,3787224,2422496,63.96,Republican
Kansas,2020,3100,2592200,0.12,246,950,1654173,523607,3.6,31.655,33956.5,50.52,63.02,70.48,10.38,2.395,2603543,1617216,62.12,Republican
Kentucky,2020,2600,3967200,0.07,168,383,2593181,633944,4.65,24.445,29878.5,48.25,57.43,69.2,8.58,2.418,4459685,2707044,60.7,Republican
Louisiana,2020,2000,3821100,0.05,141,360,2677054,629322.5,6.3,23.515,29389.5,51.84,64.56,70.39,7.51,2.297,3861204,2413940,62.52,Republican
Maine,2020,1900,1224000,0.16,220,518,787514.5,248948,3.7,31.6,36280.5,52.04,62.47,76.68,13.54,2.518,1121106,722064,64.41,Democratic
Maryland,2020,18000,4835900,0.37,884,2776,3622245.5,1403128.5,4.95,38.73,44912.5,59.93,74.61,75.94,11.15,2.596,4212244,2252734,53.48,Democratic
Massachusetts,2020,21000,5389500,0.39,1038,3415,4178539.5,1803553.5,4.95,43.16,47993.5,55.64,72.13,78.24,18.19,2.501,5036686,2881438,57.21,Democratic
Michigan,2020,10600,8484700,0.12,567,1605,5805440,1674178.5,5.65,28.84,34122.5,52.54,68.44,75.88,12.21,2.715,8453239,5515112,65.24,Democratic
Minnesota,2020,10400,5199900,0.2,445,1218,3282078.5,1186690,3.65,36.15,40389,51.02,65.77,72.39,10.57,2.527,5690749,3585895,63.01,Democratic
Mississippi,2020,800,2714500,0.03,104,344,1682070,353055.5,6.2,20.995,26121,51.81,65.76,69.44,9.13,2.243,2058975,1232591,59.86,Republican
Missouri,2020,6700,5554300,0.12,508,2060,3536981,1039364,3.9,29.385,33174.5,50.3,64.13,72.27,9.64,2.404,5587022,3435190,61.49,Republican
Montana,2020,900,970400,0.09,65,188,613409,192039,3.6,31.3,34322.5,46.23,61.19,68.75,9.13,2.673,1952553,1133102,58.03,Republican
Nebraska,2020,1800,1897900,0.09,115,287,1097687,351094,2.65,31.985,34749.5,49.69,63.56,70.68,8.97,2.547,1935357,1242788,64.21,Republican
Nevada,2020,11000,2411300,0.46,299,1166,1839867.5,436800,6.85,23.73,34254,52.85,64.8,72.99,8.33,3.228,2550414,1449289,56.83,Democratic
New Hampshire,2020,2700,1378600,0.2,131,291,819150,293454,3.1,35.81,43303,50.99,67.39,75.96,16.63,2.425,1357535,814942,60.03,Democratic
New Jersey,2020,30400,7080100,0.43,553,1652,5357576,2165598.5,6,40.405,46113,58.6,74.72,77.94,13.63,2.521,6006247,3317785,55.24,Democratic
New Mexico,2020,2600,1866000,0.14,120,376,1188320,291539,6.25,24.535,29733,53.65,63.06,72.04,9.33,2.438,1783151,1094459,61.38,Democratic
New York,2020,32600,11467900,0.28,2036,6134,11691979,4318171,6.35,36.925,42467.5,59.95,75.72,78.37,14.87,2.607,11324755,6625705,58.51,Democratic
North Carolina,2020,16200,8783700,0.18,813,2267,6140032,1923061.5,4.85,31.315,33637.5,54.66,68.29,73.04,9.43,2.472,8739280,5117798,58.56,Republican
North Dakota,2020,200,781600,0.03,42,101,444419.5,127357.5,2.65,28.66,36554,46.06,54.92,67.62,8.53,2.515,899083,643532,71.58,Republican
Ohio,2020,14500,10336400,0.14,656,1845,6756485,1925862,4.65,28.5,33949.5,51.5,65.94,74.77,9.44,2.657,10592317,5922375,55.91,Republican
Oklahoma,2020,3400,4001700,0.08,263,693,2263494,545929.5,4.8,24.115,29817.5,47.66,60.64,68.4,7.63,2.344,3730247,2369663,63.53,Republican
Oregon,2020,22800,3692600,0.62,745,2121,2491011.5,806246,5.3,32.365,37253,53.3,64.94,74.78,8.82,3.285,4095442,2513136,61.36,Democratic
Pennsylvania,2020,17500,10225900,0.17,757,2054,7459115.5,2404131.5,5.15,32.225,37059.5,53.85,69.21,75.78,9.7,2.824,10690187,6230712,58.28,Democratic
Rhode Island,2020,1600,883100,0.18,148,550,642186.5,212080.5,5.45,33.015,38953.5,54.22,68.91,77.03,18.54,2.494,866584,458933,52.96,Democratic
South Carolina,2020,4400,4772400,0.09,309,734,2953370,823286.5,4.8,27.87,32317,54.76,65.98,71.89,9.9,2.375,4561299,2662971,58.38,Republican
South Dakota,2020,400,925000,0.04,45,133,491368,141119,2.7,28.72,33342.5,47.79,64.72,70.87,10.06,2.579,1294282,836843,64.66,Republican
Tennessee,2020,7800,6186800,0.13,494,1345,4034613.5,1122254.5,4.6,27.81,32564,49.96,62.76,70.78,9.52,2.313,5855373,3532911,60.34,Republican
Texas,2020,52200,24508900,0.21,1579,4807,17181534,4992689.5,4.95,29.045,33492,54.09,64.9,71.57,8.36,2.32,22419490,13932201,62.14,Republican
Utah,2020,11200,2879700,0.39,444,1606,1858340,577896,2.95,31.08,33495.5,47.79,60.37,69.96,8.27,2.788,2479604,1446536,58.34,Republican
Vermont,2020,2200,605200,0.36,264,793,369386.5,139722.5,3.65,37.78,37859,52.99,68.82,77.63,16.33,2.596,608197,384462,63.21,Democratic
Virginia,2020,20500,7697200,0.27,814,2531,5092230,1934998,4.05,37.995,42195.5,56.31,70.82,73.78,9.16,2.552,7606452,4329294,56.92,Democratic
Washington,2020,50500,6832100,0.74,1235,3817,4594812.5,1598472,4.8,34.78,43849,53.71,68.4,74.49,8.33,3.591,7257401,4211411,58.03,Democratic
West Virginia,2020,600,1482700,0.04,93,258,1014608,217295.5,5.8,21.425,28820.5,47.28,56.24,68.98,8.75,2.627,1657362,1102015,66.49,Republican
Wisconsin,2020,6300,5570800,0.11,381,828,3395814,1019531.5,3.15,30.025,35894.5,49,65.71,73.65,10.82,2.497,5616271,3423523,60.96,Democratic
Wyoming,2020,300,638300,0.05,61,172,328033.5,84228,3.15,25.68,35630,45.67,55.2,66.47,8.27,2.673,861028,637107,73.99,Republican
Alabama,2019,2000,4593200,0.04,195,506,2823485,687404,4.7,24.35,28650,52.75,60.31,68.2,9.83,2.295,5288208.452,3065777.868,57.97,Republican
Alaska,2019,700,602500,0.12,19,34,441106,118296,5.3,26.82,36978,54.36,61.41,71.68,20.22,3.008,795274.6908,579984.6336,72.93,Republican
Arizona,2019,19500,6217700,0.31,522,1476,4128298,1086752,4.5,26.32,32173,53.55,62.29,71.2,10.52,2.744,5982559.286,3407707.947,56.96,Republican
Arkansas,2019,900,2594900,0.03,98,290,1710129,368040,4.2,21.52,27274,52.3,61.67,68.92,8.22,2.31,2902110.817,1833636.363,63.18,Republican
California,2019,349700,33671900,1.04,6439,27199,23741665,7545298,4.7,31.78,39393,60.51,70.12,74.43,16.89,3.959,31247270.05,15443454.43,49.42,Democratic
Colorado,2019,19200,5249400,0.37,861,2516,3509903,1364304,3.3,38.87,41053,54.56,62.86,71.95,10.17,2.639,5412403.746,3471825.148,64.15,Democratic
Connecticut,2019,6900,2972700,0.23,422,1048,2107327,779167,5,36.97,45359,58.21,72.49,77.23,18.66,2.547,2878547.943,1520175.624,52.81,Democratic
Delaware,2019,1300,894900,0.15,57,172,555038,171810,4.2,30.95,36858,58.92,65.7,73.43,10.52,2.481,1016927.475,561323.2149,55.2,Democratic
District Of Columbia,2019,1800,329300,0.55,172,553,467819,261583,6,55.92,59808,68.55,72.94,78.21,12.27,2.657,,,,
Florida,2019,40300,17071200,0.24,1562,4562,12252687,3439620,4.2,28.07,32887,58.69,65.32,74.14,10.44,2.609,17833719.6,9342028.405,52.38,Republican
Georgia,2019,19000,8933600,0.21,882,2939,6271430,1893485,4.4,30.19,32657,59.51,65.66,72.69,9.86,2.434,8594566.607,4854190.443,56.48,Republican
Hawaii,2019,8800,1089700,0.81,296,666,816298,249650,3.1,30.58,36989,61.25,72.65,75.21,28.72,3.732,1272360.871,730630.8005,57.42,Democratic
Idaho,2019,1600,1810300,0.09,95,216,1002442,255770,2.8,25.51,29606,51.38,63.96,70.36,7.89,2.762,1954527.866,1281630.093,65.57,Republican
Illinois,2019,19300,10348100,0.19,663,1864,7478426,2546072,4.6,34.05,37728,57.39,68.38,76.87,9.56,2.823,10691946.84,6019624.84,56.3,Democratic
Indiana,2019,5100,5972800,0.09,239,614,3885382,977432,3.8,25.16,30988,49.95,58.17,71.29,9.91,2.624,6223459.576,3764005.047,60.48,Republican
Iowa,2019,1600,3085400,0.05,141,348,1786635,491768,3.2,27.52,33107,51.06,63.03,70.66,9.08,2.463,3786327.973,2362436.677,62.39,Republican
Kansas,2019,2300,2583300,0.09,234,904,1652952,508557,3.3,30.77,32885,52.23,62.4,70.95,10.26,2.362,2682337.267,1636289.42,61,Republican
Kentucky,2019,1900,3973600,0.05,133,315,2587967,609186,4.4,23.54,29029,49.71,55.8,69.29,8.61,2.385,4383222.93,2591075.034,59.11,Republican
Louisiana,2019,1400,3808600,0.04,107,293,2696667,615845,5.2,22.84,28662,53.82,62.69,69.95,7.71,2.266,3802745.712,2382364.859,62.65,Republican
Maine,2019,1300,1212400,0.11,184,433,779468,237597,3,30.48,34078,53.93,61.66,74.51,14.04,2.484,1130055.585,699922.8527,61.94,Democratic
Maryland,2019,13200,4744200,0.28,738,2110,3595987,1368001,4.2,38.04,43325,63.54,72.23,76.51,11.24,2.56,4203993.693,2198748.608,52.3,Democratic
Massachusetts,2019,14100,5264200,0.27,811,2455,4162623,1766622,3.7,42.44,46241,59.23,70.73,78.71,18.4,2.466,5061259.745,2795845.715,55.24,Democratic
Michigan,2019,6600,8551500,0.08,616,1429,5802992,1620524,4.7,27.93,32892,54.66,68.57,75.84,11.56,2.677,8440064.861,5346580.618,63.35,Democratic
Minnesota,2019,7700,5178900,0.15,380,1051,3271095,1158750,2.8,35.42,39025,53.67,62.69,72.14,10.33,2.492,5425884.596,3334228.537,61.45,Democratic
Mississippi,2019,500,2664300,0.02,81,292,1693649,336779,6.1,19.88,25301,54.62,63.28,70.92,9.28,2.212,2066680.604,1221681.103,59.11,Republican
Missouri,2019,4900,5743200,0.09,452,1895,3543211,1017063,3.4,28.7,31756,52.01,61.33,70.54,9.68,2.371,5534288.656,3318326.616,59.96,Republican
Montana,2019,700,970100,0.07,55,137,602400,186283,3.5,30.92,32625,48.63,60.43,70.3,9.02,2.636,1900805.765,1117727.92,58.8,Republican
Nebraska,2019,1300,1881100,0.07,95,238,1092193,343372,2.8,31.44,33272,51.09,59.9,70.16,9.08,2.512,1968478.877,1239178.572,62.95,Republican
Nevada,2019,7900,2403700,0.33,284,927,1821098,413130,4.5,22.69,33575,56.43,62.91,72.42,8.78,3.184,2546583.257,1407165.409,55.26,Democratic
New Hampshire,2019,1900,1367900,0.14,121,244,811267,280413,2.7,34.56,41241,54.45,65.27,75.92,17.15,2.392,1363379.257,791892.1421,58.08,Democratic
New Jersey,2019,20200,7242600,0.28,457,1297,5252188,2076227,4.4,39.53,44888,61.52,72.86,78.2,13.42,2.486,6033014.586,3219369.372,53.36,Democratic
New Mexico,2019,1900,1857100,0.1,82,245,1185977,275109,5.1,23.2,28423,55.42,60.48,71.57,8.99,2.404,1825421.381,1117574.569,61.22,Democratic
New York,2019,23000,11497200,0.2,1655,4531,11634114,4176972,4.2,35.9,41857,64,74.94,78.97,14.34,2.571,11389158.45,6478324.109,56.88,Democratic
North Carolina,2019,11600,8663300,0.13,732,1903,6125270,1845777,4.2,30.13,32021,57.25,65.52,73.42,9.45,2.438,8527387.905,4872877.039,57.14,Republican
North Dakota,2019,200,778800,0.03,28,46,445017,124809,2.4,28.05,36611,45.75,52.67,69.07,8.85,2.48,903667.712,632588.2857,70,Republican
Ohio,2019,10200,10336000,0.1,544,1443,6750033,1873907,4.1,27.76,32780,54.36,63.57,72.48,9.58,2.62,10901278.74,6029875.65,55.31,Republican
Oklahoma,2019,3400,4147800,0.08,131,309,2254095,529068,4,23.47,29666,50.37,59.04,68.7,7.86,2.312,3706623.797,2319185.323,62.57,Republican
Oregon,2019,18800,3815100,0.49,722,1895,2486768,782560,4.5,31.47,35531,56.58,63.88,73.85,8.81,3.24,3919156.992,2341804.737,59.75,Democratic
Pennsylvania,2019,12000,10075600,0.12,572,1475,7436372,2315847,4.2,31.14,35804,56.47,66.76,75.75,9.81,2.785,10800315.35,6109527.757,56.57,Democratic
Rhode Island,2019,1100,886600,0.12,113,407,633964,205345,3.7,32.39,37525,56.59,65.25,75.99,18.49,2.46,868941.7594,446013.6511,51.33,Democratic
South Carolina,2019,3000,4692100,0.06,286,643,2949084,791368,4.3,26.83,31295,56.88,65.06,72.36,10.02,2.343,4516142.58,2580737.097,57.14,Republican
South Dakota,2019,300,915200,0.03,41,127,491918,136661,2.8,27.78,31550,50.53,64.06,71.38,9.96,2.543,1280968.587,811405.3112,63.34,Republican
Tennessee,2019,5700,6089500,0.09,453,1207,3998664,1085458,4.2,27.15,31224,52.58,61.67,69.7,9.69,2.281,5817886.911,3418200.477,58.75,Republican
Texas,2019,38400,24091300,0.16,1376,4009,17017871,4753313,4,27.93,32267,57.09,64,70.95,8.6,2.288,23007145.81,14272065,62.03,Republican
Utah,2019,8000,2807700,0.28,289,950,1813773,547322,2.6,30.18,31771,49.89,60.51,69.51,8.24,2.75,2430275.234,1396130.181,57.45,Republican
Vermont,2019,1700,612500,0.28,237,664,363480,127285,3.2,35.02,35702,55.99,67.52,77.25,15.36,2.56,620428.2162,382312.8437,61.62,Democratic
Virginia,2019,15000,7773500,0.19,710,2056,5073722,1874676,3.6,36.95,40635,59.54,68.41,73.4,9.52,2.517,7647692.483,4231772.465,55.33,Democratic
Washington,2019,40400,6699400,0.6,1095,3206,4558461,1539831,4.1,33.78,41521,57.59,66.49,73.2,8.04,3.541,7377027.784,4176179.952,56.61,Democratic
West Virginia,2019,400,1498300,0.03,89,244,1020022,205833,5.7,20.18,27446,48.99,51.77,68.72,8.49,2.59,1668113.223,1081518.415,64.83,Republican
Wisconsin,2019,4700,5563900,0.08,345,711,3381964,1000629,2.9,29.59,34568,51.82,65.7,74.09,10.66,2.463,5666399.811,3363550.798,59.36,Democratic
Wyoming,2019,200,630800,0.03,57,159,328824,82718,3.1,25.16,34104,46.33,50.41,68.44,8.1,2.636,843670.8928,614707.1497,72.86,Republican
Alabama,2018,1300,4476700,0.03,165,395,2825611,664685,5.2,23.52,27525,56.91,63.57,75.06,9.63,2.243,5300199.154,3023208.41,57.04,Republican
Alaska,2018,500,613900,0.08,7,11,446460,117735,6.3,26.37,35735,55.98,63.01,74.57,19.36,2.94,803683.5592,580390.2365,72.22,Republican
Arizona,2018,12600,6033300,0.21,480,1227,4070854,1065567,4.8,26.18,30530,56.33,64.18,75.91,10.85,2.682,5806312.675,3235917.536,55.73,Republican
Arkansas,2018,600,2591500,0.02,70,124,1714011,363722,4,21.22,26626,55.53,64.21,73.79,7.78,2.258,2817145.296,1792851.129,63.64,Republican
California,2018,273500,32814500,0.83,5480,21166,23858755,7346033,5.2,30.79,37124,61.48,72.03,79.07,16.58,3.87,31022327.88,15033964.63,48.46,Democratic
Colorado,2018,12500,5131900,0.24,707,1788,3466554,1309553,3.5,37.78,38057,55.85,64.59,76.03,10.02,2.579,5356017.862,3353668.762,62.61,Democratic
Connecticut,2018,5000,2971400,0.17,383,837,2120095,780847,5.1,36.83,44026,60.88,73.35,81.03,18.41,2.489,2879801.55,1473679.373,51.17,Democratic
Delaware,2018,800,878600,0.09,50,133,558497,157678,5.3,28.23,33745,60.27,67.87,78.33,10.55,2.425,1008467.635,543231.4438,53.87,Democratic
District Of Columbia,2018,1100,334400,0.33,124,337,467528,263428,7.3,56.34,55328,67.48,72.97,79.79,12.03,2.597,,,,
Florida,2018,27400,16774700,0.16,1265,3027,12198931,3380275,4.7,27.71,31359,61.32,67.34,78.07,10.32,2.55,17496001.92,8882854.527,50.77,Republican
Georgia,2018,15900,8830100,0.18,772,2188,6241122,1836344,4.4,29.42,31187,60.53,67.29,77.23,9.62,2.379,8512550.238,4714799.278,55.39,Republican
Hawaii,2018,6600,1080700,0.61,278,536,824717,251343,3.7,30.48,35255,62.22,74.09,78.87,29.18,3.648,1267385.325,723959.7689,57.12,Democratic
Idaho,2018,1100,1760600,0.06,87,174,980156,244823,3.5,24.98,27816,54.43,66.07,74.81,8.17,2.7,1879670.042,1210554.376,64.4,Republican
Illinois,2018,13600,10234400,0.13,579,1399,7554854,2517054,5.2,33.32,35801,59.89,69.01,79.41,9.6,2.76,10588909.73,5756733.868,54.37,Democratic
Indiana,2018,3400,5908700,0.06,225,489,3882186,981958,4,25.29,29369,52.78,60.25,76.78,9.75,2.565,6190735.937,3670024.459,59.28,Republican
Iowa,2018,1100,3061200,0.04,129,296,1787109,488615,3.2,27.34,31559,55.59,63.36,75.48,8.92,2.407,3691891.776,2245709.853,60.83,Republican
Kansas,2018,1700,2554800,0.07,198,783,1658244,512414,3.3,30.9,31456,55.35,63.16,74.86,10.72,2.309,2684009.916,1607396.874,59.89,Republican
Kentucky,2018,1200,3939400,0.03,114,221,2608766,602661,4.8,23.1,27823,52.11,59.28,73.94,8.52,2.331,4368285.035,2534172.181,58.01,Republican
Louisiana,2018,900,3794800,0.02,102,213,2714016,599821,5.9,22.1,27274,57.13,64.89,75.42,7.71,2.215,3885118.819,2352678.563,60.56,Republican
Maine,2018,800,1205600,0.07,151,264,781191,226506,3,28.99,32095,54.45,63.77,78.71,13.44,2.428,1125588.426,679175.3749,60.34,Democratic
Maryland,2018,8400,4726400,0.18,665,1752,3620466,1369463,4.6,37.83,41522,64.56,73.1,79.94,11.57,2.502,4204846.044,2141055.992,50.92,Democratic
Massachusetts,2018,10300,5298100,0.19,649,1794,4188168,1749943,4.3,41.78,43349,60.53,71.28,80.85,18.5,2.411,5061498.6,2696290.395,53.27,Democratic
Michigan,2018,4200,8698100,0.05,606,1382,5839685,1606176,4.9,27.5,31508,57.46,70.21,79.85,11.4,2.617,8380386.525,5095521.896,60.8,Democratic
Minnesota,2018,4900,5012200,0.1,318,788,3280145,1134795,3.2,34.6,37192,55.47,63.18,76.03,10.37,2.436,5404277.269,3165855.888,58.58,Democratic
Mississippi,2018,300,2593600,0.01,58,119,1707539,359708,6.6,21.07,24160,57.58,66.19,75.49,9.24,2.162,2067498.314,1206447.494,58.35,Republican
Missouri,2018,3500,5780400,0.06,409,1675,3554111,994041,3.9,27.97,30498,54.08,62.39,76.33,9.93,2.318,5498674.974,3215389.463,58.48,Republican
Montana,2018,500,976000,0.05,43,96,603344,172866,3.1,28.65,30680,52.08,61.66,72.6,8.84,2.577,1845338.15,1093927.071,59.28,Republican
Nebraska,2018,900,1866000,0.05,78,195,1094875,333066,3,30.42,31771,53.74,60.58,74.31,9.02,2.455,1961308.579,1209012.846,61.64,Republican
Nevada,2018,5100,2352400,0.22,226,659,1801830,395986,5.1,21.98,31604,56.5,64.92,76.29,8.67,3.112,2514338.276,1361583.36,54.15,Democratic
New Hampshire,2018,1200,1345000,0.09,126,228,810806,273218,3.4,33.7,39521,55.68,66.98,79.63,17.01,2.338,1346318.258,757352.6588,56.25,Democratic
New Jersey,2018,13400,7151100,0.19,309,749,5305228,2073911,4.6,39.09,42815,63.74,73.24,81.7,13.23,2.43,6055389.444,3124738.397,51.6,Democratic
New Mexico,2018,1300,1830400,0.07,70,181,1186864,274881,5.7,23.16,26529,57.36,62.38,75.54,9.35,2.35,1824217.475,1102580.229,60.44,Democratic
New York,2018,15500,11483600,0.13,1157,2562,11754335,4145049,4.7,35.26,38884,65.51,74.48,80.48,14.83,2.513,11482229.1,6297198.065,54.84,Democratic
North Carolina,2018,7300,8480900,0.09,666,1488,6095898,1812964,4.5,29.74,30737,59.08,67.43,77.68,9.25,2.383,8210212.654,4595651.19,55.97,Republican
North Dakota,2018,100,772500,0.01,20,28,446936,122477,2.5,27.4,34848,49.83,52.63,72.92,8.91,2.424,899952.5097,617535.5056,68.62,Republican
Ohio,2018,6400,10254200,0.06,441,949,6783513,1864052,4.5,27.48,31293,55.74,65.74,78.57,9.94,2.561,10913773.31,5858774.241,53.68,Republican
Oklahoma,2018,3700,4126000,0.09,65,167,2254379,515808,4,22.88,28011,53.52,61.58,73.29,8.09,2.26,3699021.852,2270493.151,61.38,Republican
Oregon,2018,13800,3843700,0.36,669,1544,2477756,766637,4.5,30.94,34058,56.25,66.43,77.96,8.85,3.167,3942874.801,2302880.781,58.41,Democratic
Pennsylvania,2018,8000,10003000,0.08,453,985,7474664,2292722,4.5,30.67,33960,57.39,67.83,78.87,10.1,2.723,10727714.83,5874766.633,54.76,Democratic
Rhode Island,2018,700,883400,0.08,89,246,633571,199152,5.2,31.43,34999,57.1,67.04,79.49,18.1,2.404,872344.1762,429552.1501,49.24,Democratic
South Carolina,2018,2000,4604500,0.04,270,554,2925399,752074,4.9,25.71,28957,60.14,66.89,75.97,9.67,2.29,4457518.846,2493038.792,55.93,Republican
South Dakota,2018,200,919800,0.02,33,77,495283,132893,2.7,26.83,29953,53.97,64.53,75.53,9.97,2.486,1269414.742,787407.8963,62.03,Republican
Tennessee,2018,3900,5931800,0.07,458,1145,3973372,1021392,5.1,25.71,29284,56.79,65.22,74.27,9.58,2.23,5770873.794,3274808.637,56.75,Republican
Texas,2018,24500,22972500,0.11,1180,3138,16866183,4614669,4.5,27.36,30641,58.53,66.02,76.05,8.48,2.237,22186240.57,13518870.89,60.93,Republican
Utah,2018,5600,2705100,0.21,196,553,1781379,534780,2.8,30.02,29756,53.15,61.82,73.61,8.21,2.688,2372800.103,1344546.531,56.66,Republican
Vermont,2018,1100,614200,0.18,209,535,365428,128942,3.5,35.29,33956,56.66,68.71,81.12,15.13,2.502,619693.7104,369738.1429,59.66,Democratic
Virginia,2018,9900,7694500,0.13,615,1446,5083498,1855841,3.9,36.51,38900,61.84,69.88,78.22,9.48,2.46,7604646.236,4106265.345,54,Democratic
Washington,2018,30200,6644500,0.45,961,2573,4526253,1517004,3.9,33.52,39119,58.24,68.73,77.29,8,3.461,7152412.938,3928127.406,54.92,Democratic
West Virginia,2018,200,1515200,0.01,89,212,1033325,206678,5.4,20,26179,51.21,54.03,71.69,8.72,2.532,1693719.471,1069746.317,63.16,Republican
Wisconsin,2018,3700,5512200,0.07,306,557,3400346,955330,2.9,28.1,33032,54.01,67.22,78.5,10.58,2.407,5683061.122,3244241.431,57.09,Democratic
Wyoming,2018,200,623600,0.03,45,121,329459,81612,3.4,24.77,33522,48.71,51.72,71.15,8.09,2.577,837024.0712,600451.8336,71.74,Republican
Alabama,2017,800,4458900,0.02,145,319,2832732,667228,5.4,23.55,26498,,,,9.83,,,,,
Alaska,2017,400,636100,0.06,7,11,452840,113311,7.4,25.02,34222,,,,19.1,,,,,
Arizona,2017,7200,5846300,0.12,432,1041,3985964,1030067,5.2,25.84,29420,,,,10.64,,,,,
Arkansas,2017,300,2601700,0.01,62,112,1711600,368963,5,21.56,25316,,,,8.26,,,,,
California,2017,189700,31999600,0.59,4683,16111,23935553,7251758,5.5,30.3,35046,,,,16.06,,,,,
Colorado,2017,8000,5075500,0.16,567,1401,3423296,1276902,3.8,37.3,36345,,,,9.99,,,,,
Connecticut,2017,3000,3037300,0.1,358,782,2141486,768531,5.8,35.89,42029,,,,17.55,,,,,
Delaware,2017,400,867500,0.05,41,113,559368,161972,4.9,28.96,33887,,,,10.91,,,,,
District Of Columbia,2017,800,330000,0.24,97,264,464916,246858,6.4,53.1,52500,,,,11.8,,,,,
Florida,2017,15900,16353600,0.1,1134,2508,12070889,3251850,5.2,26.94,29838,,,,10.42,,,,,
Georgia,2017,14400,8691900,0.17,698,1882,6204152,1770499,5.3,28.54,29668,,,,9.83,,,,,
Hawaii,2017,5400,1066800,0.51,275,626,837426,247995,4.1,29.61,33882,,,,26.05,,,,,
Idaho,2017,700,1707300,0.04,77,171,960465,230085,3.7,23.96,26386,,,,8.26,,,,,
Illinois,2017,8300,10224200,0.08,543,1205,7620009,2469539,5.7,32.41,34196,,,,9.49,,,,,
Indiana,2017,1900,5846900,0.03,198,399,3877065,968340,4.3,24.98,28323,,,,9.77,,,,,
Iowa,2017,600,3050300,0.02,117,258,1793771,487363,3.2,27.17,30865,,,,8.73,,,,,
Kansas,2017,1000,2550000,0.04,194,742,1668778,510906,3.7,30.62,30146,,,,10.6,,,,,
Kentucky,2017,700,3916200,0.02,95,191,2602304,586687,5.1,22.54,26779,,,,8.57,,,,,
Louisiana,2017,600,3787700,0.02,88,195,2742486,596178,6.2,21.74,25885,,,,7.79,,,,,
Maine,2017,500,1199700,0.04,129,216,779269,228876,3.8,29.37,31088,,,,13.02,,,,,
Maryland,2017,4400,4680600,0.09,563,1360,3652068,1341339,4.8,36.73,39960,,,,11.98,,,,,
Massachusetts,2017,5600,5258200,0.11,586,1474,4170883,1691938,4.2,40.57,41821,,,,17.12,,,,,
Michigan,2017,2500,8701000,0.03,554,1206,5849315,1578866,5.4,26.99,30488,,,,11.28,,,,,
Minnesota,2017,2300,4820300,0.05,294,760,3272525,1113866,3.2,34.04,36156,,,,10.27,,,,,
Mississippi,2017,200,2575600,0.01,57,116,1702032,335958,6.6,19.74,23121,,,,9.09,,,,,
Missouri,2017,2100,5740700,0.04,377,1558,3547653,974591,4.2,27.47,29438,,,,10.03,,,,,
Montana,2017,300,980200,0.03,33,84,604339,174067,3.5,28.8,29428,,,,8.92,,,,,
Nebraska,2017,500,1850200,0.03,64,163,1097542,324180,2.8,29.54,30915,,,,9.08,,,,,
Nevada,2017,3100,2289500,0.14,229,604,1789837,394329,5.4,22.03,30166,,,,8.76,,,,,
New Hampshire,2017,600,1325000,0.05,100,189,810674,277591,3.4,34.24,38237,,,,16.17,,,,,
New Jersey,2017,6900,6911300,0.1,265,553,5385126,2044040,5,37.96,40567,,,,13.32,,,,,
New Mexico,2017,700,1814100,0.04,61,165,1185649,270040,6.3,22.78,25311,,,,9.59,,,,,
New York,2017,9400,11457800,0.08,954,1952,12012187,4079238,5.2,33.96,37156,,,,14.74,,,,,
North Carolina,2017,4400,8366300,0.05,595,1352,6052177,1766592,4.8,29.19,29560,,,,9.04,,,,,
North Dakota,2017,100,775100,0.01,10,15,446948,128261,2.7,28.7,34041,,,,8.78,,,,,
Ohio,2017,3700,10176000,0.04,378,743,6799707,1794308,4.7,26.39,30038,,,,9.84,,,,,
Oklahoma,2017,1200,4151800,0.03,60,137,2254777,517298,4.9,22.94,26472,,,,8.2,,,,,
Oregon,2017,10000,3765500,0.27,564,1345,2455573,756835,4.7,30.82,31950,,,,8.81,,,,,
Pennsylvania,2017,4400,10017000,0.04,388,770,7511505,2269407,4.8,30.21,32711,,,,10.13,,,,,
Rhode Island,2017,400,861200,0.05,85,213,638848,196397,5.3,30.74,34511,,,,16.42,,,,,
South Carolina,2017,1200,4527900,0.03,243,480,2907477,728200,5.4,25.05,27909,,,,9.97,,,,,
South Dakota,2017,100,901400,0.01,26,47,491234,125689,3.2,25.59,29611,,,,10.05,,,,,
Tennessee,2017,2900,5612600,0.05,450,1036,3954680,1008932,4.5,25.51,28764,,,,9.45,,,,,
Texas,2017,16100,22544400,0.07,1073,2654,16669222,4435730,4.7,26.61,29525,,,,8.38,,,,,
Utah,2017,3600,2578700,0.14,145,379,1748381,525079,3.1,30.03,28085,,,,8.6,,,,,
Vermont,2017,700,616100,0.11,173,426,369584,124585,3.5,33.71,32443,,,,14.6,,,,,
Virginia,2017,5100,7639400,0.07,474,1094,5097100,1825685,4.2,35.82,37442,,,,9.18,,,,,
Washington,2017,21000,6545500,0.32,810,2136,4465104,1447120,4.5,32.41,36975,,,,7.94,,,,,
West Virginia,2017,100,1529200,0.01,69,199,1040313,198681,6.3,19.1,24478,,,,9,,,,,
Wisconsin,2017,2800,5474500,0.05,283,489,3403962,964941,3.2,28.35,31998,,,,10.76,,,,,
Wyoming,2017,100,618900,0.02,37,91,333635,82367,4.4,24.69,30883,,,,8.28,,,,,
Alabama,2016,500,4436600,0.01,113,227,2842483,648666,5.8,22.82,25810,,,,9.56,,,,,
Alaska,2016,200,656100,0.03,3,5,460009,117853,7.5,25.62,34187,,,,17.93,,,,,
Arizona,2016,4700,5640900,0.08,424,988,3934467,996375,5.9,25.32,27997,,,,10.33,,,,,
Arkansas,2016,200,2569700,0.01,63,89,1700227,352522,4.7,20.73,24264,,,,8.13,,,,,
California,2016,141500,30696700,0.46,4184,13655,23762922,7028218,6.1,29.58,33389,,,,15.23,,,,,
Colorado,2016,5300,4951700,0.11,445,978,3392861,1216081,4.3,35.84,34542,,,,9.83,,,,,
Connecticut,2016,2000,2992800,0.07,341,725,2140570,772450,5.8,36.09,41087,,,,17.24,,,,,
Delaware,2016,300,855900,0.04,30,67,555325,158440,5.5,28.53,31712,,,,11.09,,,,,
District Of Columbia,2016,600,313100,0.19,102,241,459352,239767,6.5,52.2,50567,,,,11.73,,,,,
Florida,2016,11600,15831800,0.07,965,2091,11879763,3080708,5.6,25.93,28621,,,,9.91,,,,,
Georgia,2016,18000,8545200,0.21,591,1493,6137352,1728176,5.5,28.16,28183,,,,9.59,,,,,
Hawaii,2016,4200,1051600,0.4,249,566,846435,244634,4.2,28.9,32634,,,,23.87,,,,,
Idaho,2016,400,1670700,0.02,60,133,943140,233857,4.1,24.8,25678,,,,8.08,,,,,
Illinois,2016,5800,10189400,0.06,524,1109,7666463,2467068,5.8,32.18,32849,,,,9.38,,,,,
Indiana,2016,1300,5741900,0.02,196,388,3873540,928161,4.6,23.96,27464,,,,9.22,,,,,
Iowa,2016,400,3016100,0.01,109,216,1796196,481756,3.6,26.82,30047,,,,8.55,,,,,
Kansas,2016,600,2520000,0.02,197,725,1667107,503123,4.1,30.18,28950,,,,10.49,,,,,
Kentucky,2016,500,3831900,0.01,82,167,2606540,574045,5.4,22.02,26046,,,,8.42,,,,,
Louisiana,2016,400,3736500,0.01,79,155,2761630,585164,6.5,21.19,25664,,,,7.46,,,,,
Maine,2016,300,1181200,0.03,111,181,784982,218902,3.9,27.89,29604,,,,12.8,,,,,
Maryland,2016,3200,4616800,0.07,499,1129,3640549,1323174,5,36.35,38662,,,,12.21,,,,,
Massachusetts,2016,3600,5167800,0.07,507,1243,4148915,1654375,4.8,39.87,39771,,,,16.48,,,,,
Michigan,2016,1600,8458700,0.02,534,1122,5856779,1524795,5.7,26.03,29128,,,,11.05,,,,,
Minnesota,2016,1600,4794500,0.03,286,687,3260003,1068535,3.5,32.78,34515,,,,9.99,,,,,
Mississippi,2016,100,2502500,0,41,64,1718710,335001,7.2,19.49,22694,,,,8.67,,,,,
Missouri,2016,1400,5541500,0.03,295,1155,3550493,950902,4.6,26.78,28406,,,,9.74,,,,,
Montana,2016,200,988100,0.02,36,76,602662,167259,4.4,27.75,28933,,,,8.84,,,,,
Nebraska,2016,300,1820600,0.02,58,116,1093727,319828,3.2,29.24,29910,,,,9.05,,,,,
Nevada,2016,2000,2222600,0.09,173,474,1754514,359218,6.3,20.47,28117,,,,8.39,,,,,
New Hampshire,2016,400,1307100,0.03,98,181,809289,271022,3.3,33.49,36320,,,,15.66,,,,,
New Jersey,2016,4200,6729800,0.06,244,494,5369537,1973344,5.7,36.75,38911,,,,13.38,,,,,
New Mexico,2016,500,1673500,0.03,58,135,1190175,275072,7.1,23.11,25146,,,,9.12,,,,,
New York,2016,6100,11407600,0.05,862,1677,12009089,4017816,5.6,33.46,35534,,,,14.47,,,,,
North Carolina,2016,2900,8206300,0.04,453,1015,5993280,1703741,5.7,28.43,28156,,,,9.2,,,,,
North Dakota,2016,0,765500,0,7,9,449834,122797,2.4,27.3,33339,,,,8.94,,,,,
Ohio,2016,2600,10088800,0.03,278,499,6814436,1775101,5.2,26.05,29164,,,,9.84,,,,,
Oklahoma,2016,600,4168300,0.01,54,103,2263233,516410,5.7,22.82,25880,,,,7.83,,,,,
Oregon,2016,7700,3678500,0.21,542,1249,2434595,726561,5.2,29.84,30822,,,,8.83,,,,,
Pennsylvania,2016,3200,9984200,0.03,352,654,7531034,2242218,5.3,29.77,31272,,,,10.19,,,,,
Rhode Island,2016,300,857600,0.03,80,201,638364,200099,5.7,31.35,33008,,,,16.28,,,,,
South Carolina,2016,800,4416800,0.02,200,364,2885619,712028,5.8,24.68,27016,,,,9.79,,,,,
South Dakota,2016,100,872000,0.01,23,40,487777,129304,3.3,26.51,28585,,,,9.83,,,,,
Tennessee,2016,2600,5486700,0.05,428,970,3930228,964848,5.1,24.55,27087,,,,9.23,,,,,
Texas,2016,11900,22306700,0.05,998,2386,16414366,4270601,5.1,26.02,28714,,,,8.43,,,,,
Utah,2016,2500,2482200,0.1,127,291,1717538,480048,3.6,27.95,26993,,,,8.72,,,,,
Vermont,2016,300,613400,0.05,161,380,371704,120674,3.5,32.47,31836,,,,14.46,,,,,
Virginia,2016,3100,7403200,0.04,427,991,5070139,1794747,4.6,35.4,36206,,,,9.09,,,,,
Washington,2016,14900,6228400,0.24,738,1791,4399685,1405723,5,31.95,35284,,,,7.68,,,,,
West Virginia,2016,100,1524400,0.01,43,96,1063143,210760,7.2,19.82,24769,,,,8.98,,,,,
Wisconsin,2016,2600,5368300,0.05,280,445,3410854,937935,3.8,27.5,30902,,,,10.67,,,,,
Wyoming,2016,100,615100,0.02,32,63,341353,82597,5.1,24.2,30042,,,,8.19,,,,,
